x1,x2,x3,x4,y
0.296148719,3.688570606,2.327296425,3.228930249,-2.813551251
3.359953978,2.363474368,1.432724613,2.389642382,15.16795511
2.596145326,3.735329858,2.595460684,1.213180457,10.82819023
1.604273339,0.132359763,1.33602461,1.200404879,-0.847733966
0.351829121,0.88418495,3.400851467,2.907000618,-6.949241542
2.577440945,3.164159559,0.345106354,1.377754093,14.43885562
1.131042575,3.751153079,1.8341523,2.449175224,7.935447264
3.277219892,3.215226133,1.728018172,2.85729652,23.28781088
1.064544806,1.240271673,0.678683718,1.60655224,2.066056714
3.111319233,2.545255702,0.432634025,3.075425933,19.3532614
1.047788882,0.6275501,1.318723859,1.624014731,-1.099497313
3.094821616,0.528192,3.716912764,3.919208954,-16.31564115
0.483325743,1.184762253,0.385846738,1.308909517,1.303242879
3.203671677,0.972095937,3.665410367,1.623431569,-4.467295812
1.859655601,0.42879048,2.383860808,1.422462963,-2.143643187
1.883635595,2.882017948,2.609937905,3.739358212,6.55207595
1.860568003,3.446509672,2.110611017,1.726502717,10.03853586
3.484695704,1.446145733,3.024971811,1.951133993,1.283054731
3.587671482,3.462661717,1.396544265,1.545590732,19.46948917
3.71034202,1.603944249,2.82978373,2.339426525,4.069427927
2.124032698,1.824678419,1.028270064,1.502719134,6.009963971
0.184466061,1.963717502,2.9957867,0.217580493,2.102251013
0.294199398,1.015250069,2.736663548,0.922626795,0.786826595
3.274968944,3.391818906,0.961143827,3.982107736,32.05324046
0.849412994,1.538919543,0.766360037,2.923666239,-2.075275377
0.975082564,3.292405371,3.821371029,2.395133589,3.325166741
0.901570941,2.475216538,1.451201954,0.242797605,2.815902492
1.82375905,1.611980944,2.536249127,3.834764545,-4.172874713
1.218642727,0.073596884,1.054486612,2.439175768,-5.250748142
1.301348412,3.556522415,3.80868219,3.584916421,3.66732314
1.352697884,0.862039223,0.395996573,2.19992693,-0.531035489
0.785313349,3.035346409,2.382707156,3.618126361,-2.460068028
0.970542052,1.295326738,2.491825629,0.290757792,0.287982163
1.567946466,3.286642194,0.476766962,1.44003059,9.62706673
3.747276563,1.675002733,2.853180686,0.21404942,-3.865216283
2.683959259,3.827317727,1.254975173,1.709397165,18.37591085
0.916584305,2.315647963,3.440693388,0.592116003,1.703083148
1.145473576,0.6205907,0.406590712,3.354425764,-7.236766706
1.460434525,0.060876931,0.547726886,0.678308987,0.624219709
0.055988376,2.09079873,2.636797438,3.273300608,-7.503698838
2.62324476,2.609329399,0.493164727,0.521956583,7.246537768
1.848521613,2.721859731,0.950930921,1.761308761,8.89155407
0.373008855,3.27924276,3.469714643,3.983116977,-8.297744259
1.330228997,2.815265064,1.001134807,2.168542375,6.557987155
2.675529714,3.008094926,1.719406998,2.238441707,14.9781011
1.663505999,2.312938397,0.154224104,2.975577881,7.05889846
1.525988231,0.583981707,1.179079214,3.524665554,-8.347988468
3.255120536,1.61592881,1.356643465,1.828382283,7.631624137
3.800276204,1.118802608,0.34985345,1.083609031,7.563523418
0.420938859,1.711361351,0.185294361,3.197591514,-5.243459684
3.063569167,0.84188778,2.318651211,1.20567231,-0.769820115
3.073692958,0.342954211,0.003145655,3.046782873,-1.928409842
3.263570817,1.888838452,2.557450656,2.802593867,6.819531842
3.05529099,2.51928219,3.535755212,2.576630407,8.49041727
1.788125226,1.056654811,3.818830349,1.049728616,-2.882920617
2.137998899,3.252881989,2.1317377,0.3172388,3.74710304
0.278389802,3.612787512,0.633627006,2.535462002,0.23068666
1.631960073,1.019241341,0.560094565,3.622446458,-4.810088943
0.782441214,3.308781077,1.271917598,2.471033975,3.476359021
0.444801733,2.627422318,1.245061944,1.611281141,2.083970611
0.486914241,3.074494456,3.295908875,1.3135812,3.00113713
3.334157368,1.288440231,0.871765924,3.072657286,5.73913037
2.142651099,3.328596099,1.592014455,3.152828861,14.7458202
0.104392831,2.101424866,0.177086395,3.206457817,-7.052317604
1.954882059,2.266719409,0.290990684,1.501364363,8.99486068
3.845011954,0.412074783,3.895600148,0.199053022,-10.40177175
0.600691894,1.253906844,3.414686179,3.429267726,-9.230226029
2.979739013,1.835723685,1.260293212,3.520969845,8.385414065
1.388086667,0.737193714,2.002538596,0.750531625,0.480131953
2.609296579,3.850294659,3.682131512,1.171492729,7.985845561
3.787237744,2.379503633,0.079998403,2.345190817,22.2705867
2.14482581,3.859860116,2.417688037,1.419184311,11.41338767
3.404019595,0.276606509,3.57006828,3.856845437,-19.1718204
2.076317339,3.91665653,1.747270176,1.963542421,14.75720198
2.496374865,2.981548818,3.324900263,2.031550054,8.581317062
1.665924314,2.694806084,1.469899499,0.923809405,5.348738412
0.984506384,1.539546838,1.654682111,3.747881906,-7.332956819
1.415623296,0.131540455,1.885207084,0.215092955,-0.651047547
3.878681355,0.55203554,1.99378055,3.958561736,-10.38966786
1.855730989,0.294813529,2.408857164,0.611566336,-1.435842818
2.263193535,2.349097374,1.186128793,0.907046296,6.87487405
3.077394603,0.135320763,3.335054917,1.410955336,-7.779986869
1.103897365,0.909672016,1.741446919,1.00488237,0.776993854
2.648151818,2.100175761,0.101482211,0.593731338,8.096629545
2.153670318,1.566813513,2.714093469,1.218588338,1.008285116
3.416999,2.994488056,2.863247898,1.235681989,7.889701933
3.00136361,1.172247792,3.065239604,3.035055405,-3.471943448
1.533532347,3.58966207,1.860160093,0.880545786,6.787168761
3.375048887,2.538350854,1.4274536,1.117102297,10.11806507
0.423707771,3.587878625,0.536018807,1.299477654,5.013831096
3.783102098,2.694856524,1.662657375,2.19992034,17.91878118
1.322729958,2.685634379,0.433302587,1.488492184,7.385190953
1.856603156,2.164088378,3.325578188,3.973505841,-1.808050675
0.418854907,3.036821536,2.778124914,1.653890626,2.56262719
1.785609512,1.365618478,1.655038851,0.277965373,1.645707909
1.840066745,3.470788703,0.428031975,1.625079,12.70297729
3.30541679,1.456967196,0.400117401,0.356026898,5.564956197
3.462936815,0.619000007,3.894308949,3.125078669,-11.88310409
3.641680733,2.778134158,3.196293784,2.710542938,15.05203731
2.878625709,1.50453478,2.338976859,3.82041718,-0.185978568
2.982042189,1.963462682,1.333210197,2.30657005,9.762258397
1.872995779,0.240847071,2.16198899,2.673630213,-7.380174875
1.83112522,2.678144846,0.586486999,3.321798633,9.3412252
2.499689002,0.91575875,1.396923398,1.220751781,1.799992433
0.003720643,0.381497298,1.737941771,2.181940395,-3.692166412
1.797784672,2.473112055,0.412472131,3.55127047,7.365969296
3.324109457,0.192093096,2.53571458,2.11826923,-7.628831327
0.798923411,1.409769634,2.133233545,1.630306468,0.129508905
0.963734592,3.800732416,0.185160553,1.814896892,8.552153307
3.538690234,3.969519733,2.223829299,2.424609048,28.6949751
1.554400138,2.571651083,1.116782637,2.1440561,6.445555382
0.101580046,1.786298334,3.139958733,1.642771393,-0.670254985
0.223576083,0.359399604,2.035386572,2.893874398,-7.138505092
2.807257097,0.78166544,0.819164606,2.380103222,1.792808549
2.223221411,0.678854808,1.440583793,2.997703587,-4.17418034
3.898070143,0.98109101,1.138565025,2.380107975,4.291727615
1.27529127,3.668438039,2.941948899,1.533129374,6.965741419
3.521849219,1.494205238,1.246477373,1.685048917,7.171856516
3.25126235,3.015086218,2.973911371,3.741859252,20.21511569
2.729818137,1.69240107,1.9730165,2.870938825,4.940903765
0.784438076,2.670226599,1.861692577,0.844425784,3.906449133
3.864977225,3.251384154,2.87894861,3.022254627,24.86118901
1.684602042,2.145177534,0.491687844,1.062867856,5.852688149
2.86643642,2.920722608,1.871941661,0.59995922,5.883748864
3.801892962,0.664508759,2.479302159,1.826800913,-2.744758089
3.418998589,1.069879947,0.008640466,2.68253563,7.247549526
2.392095856,1.124142659,0.133933438,3.931763743,-0.95799037
3.983892784,3.915183054,0.476013984,3.798262759,51.12958899
2.413105324,2.001545058,1.984207215,3.851589078,3.427534975
2.459494028,2.797157558,3.96247235,2.038617032,5.615952412
0.613060559,3.729102939,3.866639522,3.483239852,-1.845170238
2.552224022,0.348683182,3.448822932,2.240567451,-8.213619656
1.943121351,3.474971969,0.673661102,1.691937823,13.52156332
1.009445729,0.802591326,1.285598187,0.6360506,1.423475891
3.440559165,1.43461639,3.018372292,3.424782045,-0.160718349
0.35667071,3.267106613,1.548342002,1.393727769,2.881769863
2.217787277,1.384911635,2.820305028,0.175875002,-1.857020839
1.524254736,1.135706954,0.416953392,2.753031938,-0.43233653
3.358604815,1.79068973,2.074346557,0.670873246,2.728025413
0.218613237,2.695321028,0.436217156,2.562817745,-1.431269256
1.562087329,1.358289876,1.133859325,3.327485437,-2.345582016
2.136083781,3.624562209,0.454662524,3.625634013,20.23842311
0.494429008,0.994563454,2.066583362,2.675074238,-4.662109508
2.885142471,3.525980465,3.230408885,3.377061702,20.87022095
1.960148766,2.594846386,2.177072709,3.736724299,5.874556964
3.552832022,3.083600903,3.210359943,2.570325875,17.13018644
1.90902805,0.245364327,2.613168125,1.385443365,-3.418452563
3.65281496,1.752776441,2.456268402,3.064885808,7.068939026
2.49446843,3.351139144,2.817483621,0.191709155,0.7729456
3.679338713,1.022192669,2.562322845,1.257358104,-0.802623288
0.94568296,0.25927863,0.879745834,0.167588988,0.542447681
2.009144297,1.781517207,1.347222225,2.839323836,4.106989905
0.439479444,2.07611816,2.567591061,3.706002531,-8.177814467
1.360880017,0.213891458,1.198645194,3.47457257,-10.72153313
2.978614865,0.303193964,3.50958846,1.527158794,-7.519726857
3.059702952,2.514099349,2.726624822,1.730797668,8.518189119
3.79859003,1.894646519,0.310782161,0.112105496,6.136497991
1.717881444,1.892675683,1.269909633,0.511564867,3.43762452
3.432307077,1.108247009,2.445809483,3.171241608,-1.413899947
0.481842108,0.729773637,3.904265568,2.37855992,-5.092830579
1.960234828,0.741226847,0.170178076,3.653567474,-4.761948151
2.793324158,1.236924145,1.922821919,1.483765353,2.435818878
3.140687991,1.38548895,1.182284768,3.639715004,3.732861459
3.967013307,0.95661554,3.771648857,3.88374519,-10.05088408
2.884639133,1.237750016,3.757582232,2.526003217,-4.051624448
3.879034603,0.031113992,0.890936555,0.000804328,1.171317965
3.676516111,3.499570207,1.822504036,2.397882176,26.06457223
2.847776078,3.256861476,0.063797167,3.684462054,27.14593723
2.948101562,1.709810798,0.875070482,1.73618994,8.479744015
0.080142959,1.75990414,3.999929339,0.256893323,2.301271413
3.65030276,2.375838115,0.757042952,2.582629317,19.86483329
2.335808857,3.947863856,3.021869047,2.489051268,16.88105378
3.264766416,0.897468051,0.557655373,1.657459822,5.263641809
0.926256922,0.346636758,3.76764004,3.354954593,-12.04999742
0.955612896,3.195692792,3.163858931,2.255812672,3.336277026
1.452110642,0.829012541,0.653611829,0.10918826,1.608795853
2.201934829,1.514306856,1.490496937,3.436429517,1.068805095
1.873349267,3.359838243,1.518678605,1.578289066,10.80859844
0.660888675,1.531204077,2.593219515,0.505617627,1.613855255
2.256729949,1.763371773,3.812689241,2.557700454,-0.28638766
2.61919491,2.274551807,0.380227738,0.749914608,8.070841999
3.485075687,3.658168125,3.159097503,0.709003453,5.486288096
0.531423444,2.271503385,2.221324503,0.113229683,1.78182694
1.833629539,1.723529139,2.070325254,2.185482211,2.534244489
0.573614093,3.564766015,1.03968635,1.979839892,4.155915009
3.801014371,1.03119082,1.026186722,3.386877381,2.965430999
0.84561204,1.052669671,1.787610651,2.115152827,-1.434301789
2.637481048,3.171162142,0.060935337,3.627612158,23.29072863
2.337313653,3.578047747,0.126008399,1.077023976,14.00043251
3.859221651,0.377130732,3.171857415,1.480357241,-7.198553622
2.958795107,3.797108199,1.365626518,0.444380103,8.234152491
1.110907586,3.012167409,1.891675606,2.183558886,5.507495995
1.032588693,3.971733385,2.626868732,2.134006854,6.852726685
3.893280875,0.869796327,3.885661178,2.13218338,-7.402660434
2.323191723,2.017665645,3.259857649,0.23540085,-1.463125695
3.040696074,0.467634775,1.312018557,0.212045112,0.009127422
0.852260258,0.459257631,2.979422531,3.008032752,-8.759666936
1.925202781,3.324343206,0.099775368,3.940851219,15.3371038
3.990174783,3.198704287,2.845936544,3.749379631,30.29719516
0.150431912,2.398782956,0.975643773,3.380012055,-7.27033434
0.376716279,2.403497956,0.086867974,0.871677527,3.530915365
0.260826559,3.280388972,1.300461344,1.72269458,2.316523014
0.28738222,2.850788662,3.588816037,3.617936732,-7.455195063
0.360585266,3.005991072,0.669008557,2.364945566,1.055254012
0.808215985,0.212168036,3.383503069,2.86311253,-8.68688092
0.862470941,3.861807846,3.328369292,3.985245495,0.043141184
2.931611562,0.534234867,2.993720766,1.206899147,-3.906170365
3.301907046,1.954213969,0.858174143,2.356876206,12.88634319
1.858254209,1.738857259,0.224021467,3.990707658,0.385261068
2.350211882,1.332537358,1.406328987,0.36744281,1.890462875
2.235981687,1.397362913,0.350534398,2.375102146,4.750686334
1.557038099,2.559872335,0.19080138,1.985668555,7.964140789
0.332559449,2.261066422,3.283275473,1.949178478,-0.095998308
2.899960434,1.116193559,2.734805586,3.21112342,-3.229572891
3.247946203,3.003891845,3.596470233,0.019475316,-5.112521354
1.531645725,3.815583627,3.738268546,0.590160764,3.038044934
3.317547728,2.001639672,0.454949197,1.817840005,13.40989941
0.961841311,3.038381659,0.765490995,3.457600938,1.853960233
3.473538912,3.486082365,1.149507619,1.401057945,18.90644574
0.248087955,0.658073818,2.316408823,1.907809908,-2.617221442
3.065336723,0.955670867,2.676831005,0.460611204,-2.9932864
0.612591716,0.155008146,1.252455656,0.055094684,0.931383539
0.370107392,2.573597635,1.132979939,2.805333714,-2.122698215
3.374738012,1.875312216,1.444945642,3.049488683,10.37972585
2.270099128,2.249910913,0.724857292,3.044127114,9.960670136
2.671108603,0.986263424,2.769665187,2.83258886,-4.132287319
2.540482136,3.665937101,0.732546956,2.103659246,19.6786623
2.619973573,1.096397841,1.145140137,3.541662183,-0.817399122
1.033322018,3.757058104,2.639214462,3.489801625,4.250886918
1.392405935,2.693069838,3.170827357,2.330787233,3.946896578
0.825538209,2.364599135,3.876747577,0.218074067,0.43578041
3.503140914,3.716965686,2.073825842,2.010477429,22.93789891
3.80776239,0.721959417,2.114603899,3.978902437,-7.693074008
1.3808422,3.807377048,2.452811196,2.151725992,9.215513645
2.936466584,0.978302737,3.155116136,3.746100201,-8.53352109
0.088526825,2.156439317,3.338890579,0.518281883,2.365260463
2.884043227,1.238034331,2.758273727,0.665662136,-1.343262871
0.19510817,3.836924054,1.800159847,0.382980929,3.917810394
3.811630996,1.621410297,1.828155904,0.871942574,3.989302197
1.980912571,0.38488299,1.30692525,0.916481575,0.114626785
3.682841932,0.222600612,1.116701904,1.284664795,-0.053898723
2.899789209,3.336981997,2.08394606,0.07100804,1.580737334
0.999017799,1.434559717,3.890142009,0.042277999,-1.375588119
2.823361981,0.791803775,0.213824408,1.90575456,4.198571885
0.837265245,3.696708339,1.901570185,1.538149209,5.675752971
3.566312331,1.996538843,2.43214316,3.083823463,9.730135168
3.384343586,0.548499735,1.453208706,1.138826798,-0.150717888
3.991750342,2.957058855,1.895099545,2.338312717,21.64126892
0.861883385,0.805918906,2.352320303,3.397615107,-8.685175499
3.639399215,1.882464591,3.937812324,1.519822166,-0.238260977
3.30302277,1.493745489,3.935244432,3.577398652,-3.250625413
3.875080337,3.534612368,1.254386606,3.639070412,39.81102973
0.710484175,3.867003555,1.126508648,1.681057653,6.178976751
0.720822494,0.03394308,0.804876487,3.408525815,-11.1502862
3.453476351,3.157708459,2.687554747,2.367365009,18.46492001
1.74750291,3.823462037,2.183007066,1.32008671,9.555571457
1.67415944,1.295183237,2.390349052,3.767179147,-6.403764648
3.71336252,3.661774016,3.082163625,3.051377195,28.62453913
2.66946471,0.407403709,3.124688866,0.822766998,-5.024018262
1.147457193,3.489341288,2.666590808,3.145862839,4.982797817
3.767832107,1.684829142,1.959385365,2.350569856,8.210517395
0.375470325,1.60730702,2.462388101,0.525928617,1.681236678
2.401248986,0.539310527,0.805435366,2.266430304,-0.488769626
0.467989342,2.161089101,2.112489844,0.276942759,1.905905066
2.783308185,3.741377088,2.497073393,1.318839652,12.2441853
3.996923358,3.014849306,2.570044469,3.488301219,26.83358437
1.481295534,3.096867875,0.045786577,0.523500745,7.048815284
1.551675192,3.022033259,3.087527041,3.745400377,3.952992827
1.405339416,2.647369563,2.137777217,0.320695608,2.78194879
3.975961673,1.616500322,2.646521831,0.410099396,-1.862763687
2.940926611,1.29860192,3.140631958,3.140037446,-2.050946
3.687953323,3.723423737,2.510294525,0.729795031,7.700034683
3.994871313,3.366431643,2.304897096,3.621339647,33.82638052
2.861148819,3.948893116,1.109626427,1.197731065,16.38957519
2.860875253,3.61850825,2.976902464,1.903086853,14.86139075
3.800331277,2.94077293,1.997168337,1.24858906,12.31431208
3.487948925,0.793374253,3.614047995,3.200480855,-9.120475445
0.026388782,2.403691801,3.390969446,1.144258056,1.839720105
2.568233784,2.135028101,3.662303243,3.225124602,3.333816391
1.344581558,3.619091846,1.320930159,0.982417738,7.458931147
3.872850713,0.647536788,3.382048947,2.589513676,-8.334892149
2.003765375,0.78332149,2.285807478,1.401103321,-1.417488311
3.306467392,0.362395342,2.221846074,1.296702773,-3.456964552
1.265661166,0.597150714,3.306833231,2.15085706,-5.034691955
3.39930268,0.122039506,0.709699857,2.205787982,-2.057480023
2.548415301,2.96485423,3.511176482,0.230991354,-1.217053947
2.649300583,2.169989886,0.659801932,0.114707917,4.484429353
3.952617036,1.757298965,2.895200582,1.490990066,2.590426389
3.799815811,2.02569418,2.697632547,2.387073683,8.498176042
0.559601776,1.341884276,1.709433004,3.246008107,-6.871616464
1.523121863,3.482068526,1.808873643,3.976192383,8.499093257
1.62824271,0.235574803,0.31233162,0.005338547,1.995069378
2.556285511,2.152855004,2.220091018,1.132040579,4.768506725
1.068179069,1.783082873,1.5219171,0.387484838,2.530953709
3.81169507,1.19446855,0.271229526,3.708948732,7.54693071
3.156797308,1.006818992,0.008889818,2.22886596,6.850490887
1.326496328,3.647433302,0.69180472,1.827852666,9.965028501
1.006302867,2.951923843,0.650595496,1.27742955,6.32874891
0.455021558,0.242522332,0.237534809,1.632463067,-1.039871826
2.734066344,2.99371591,2.392520632,2.486856896,13.80400381
2.306984578,2.851766153,0.239722972,3.45553726,15.79096386
3.644948432,1.985705598,0.543019051,2.978276849,16.67414828
0.122754185,0.481355949,1.528425102,3.009656499,-8.338982702
1.333036748,2.543776056,2.873454945,1.356767717,3.313327587
0.366913195,3.102542531,0.356424411,3.173680778,-2.851626466
0.815370582,1.93471071,1.463236107,2.799799337,-1.520109978
0.087700053,0.121335808,2.705967553,2.020231504,-3.981829065
1.101093105,2.255519894,2.129522762,1.023085627,3.201630104
2.213915238,2.498272082,1.296171289,1.803822525,8.993765333
0.258331201,1.104964136,2.223704654,0.068053468,0.983960095
1.377205908,1.317878355,0.372121931,0.814820453,3.539768208
1.534882484,3.090313622,2.952488102,1.295101149,5.035421214
1.901587585,0.204415169,2.951327888,0.304569705,-3.174613033
3.845800031,3.011879762,1.852520774,2.732353105,24.57272809
1.527143084,2.022713202,3.425510379,2.159019552,1.100155328
0.111699636,1.33086606,1.311777917,1.767958975,-0.981872421
1.153138695,0.15135484,3.373127847,3.764656491,-15.62252495
2.005069532,3.859139668,3.404254672,3.384270091,13.79073825
1.855056134,3.069453544,1.252606129,2.570333024,10.67154353
1.751112029,3.658370587,3.92827683,0.664901758,3.318311045
2.44306239,3.270838884,2.45957513,2.989942148,15.24390565
1.195851854,0.715732966,0.630159704,2.149192133,-1.146996389
2.883773903,2.586321695,0.482108793,0.536764974,8.185208202
3.7920101,2.478964714,3.100241344,3.503842057,16.09278854
1.459607109,0.435032464,0.612384861,0.215503912,1.613164823
0.371606545,1.682832485,1.251209882,2.229219919,-1.211191381
0.907177867,0.387931652,0.022919586,3.676326513,-10.69242513
2.236210968,3.092542061,1.011719208,2.193114467,13.87940408
1.016830368,0.587137631,3.645601136,2.7908998,-7.791167733
3.811185008,1.905764824,1.434733804,3.001579374,13.48504974
0.171413383,2.1633231,2.340037239,3.780803943,-10.34330228
1.566976197,3.494215339,2.065744432,0.848566298,6.504848436
1.517687785,3.418392423,0.241645757,3.826599125,10.16909437
0.187851829,3.854887594,2.287015563,3.970872104,-8.633256167
1.156741563,2.27671953,0.946735654,0.213010771,3.317059082
3.787221122,0.531312782,0.83718582,3.44804719,-3.085822472
0.268877851,1.208949507,0.261424767,2.971551478,-5.888968077
1.714082501,2.748346743,3.265972854,3.970829378,2.059391569
2.589144165,3.166919492,1.467524293,3.702775173,19.47881474
0.050421216,2.906432709,1.126495547,2.388316165,-2.188269578
1.048244498,1.826401188,2.254433274,1.948788515,0.70876591
1.751747057,1.494532097,3.90269497,2.135821128,-1.714595469
2.523052899,0.575589962,0.915354553,1.278752554,1.980821835
1.915622515,1.635103246,2.274534925,0.67862325,1.41976062
3.310724947,1.873092648,3.654854052,3.589946087,2.711084757
0.54329704,3.921046456,3.265258979,3.09737921,0.622389682
3.470110392,3.641889331,1.418728708,2.966430811,31.11301027
0.175749592,3.806718823,3.777537901,1.131202136,3.664012575
0.635622114,2.945656414,0.96175355,0.624979786,3.866964466
2.777606573,1.62099141,3.622649983,3.189520721,-0.930806944
0.500821444,1.922306308,3.991552706,2.406157284,-2.508555226
1.885933838,1.32723233,2.956185216,3.861614927,-6.662291279
3.420785516,1.198348065,0.18285857,2.746478104,8.690602056
3.133445437,3.439968459,3.897946875,1.639792193,10.22003396
3.781982899,3.721978975,3.903433649,2.879250672,25.04314523
3.564492289,3.248019478,0.611415241,1.446912914,19.49258647
3.775816511,3.62793319,2.545428647,0.642271889,6.619296621
2.490945259,1.135733477,3.405434108,1.367683912,-1.966370472
3.919235723,2.397660163,2.531374219,2.271814102,12.90425512
3.390137538,3.502969089,2.02005372,2.393930629,22.75779675
1.182972649,3.858030294,3.135974799,0.504021931,4.06347103
1.790086203,0.668025779,1.424592695,1.259201932,0.090769506
3.05957649,3.917667529,3.564127537,3.622142551,26.56345835
0.616052299,1.081157827,1.83738968,0.466046502,1.244476035
0.925755855,1.504546729,2.820066548,2.618135634,-2.532430109
3.688964874,2.372430032,0.363349826,2.753763682,21.83660625
2.495895857,2.802189105,3.480655953,0.357121834,-0.507941593
3.608928416,1.331571097,2.430235933,3.558794296,0.612884706
3.862334553,3.989665238,2.642665956,3.508601949,39.41491291
0.212139897,1.166662596,0.044236676,0.382424986,1.942986252
1.198240725,0.025627809,1.319671141,1.633696286,-2.504874185
1.069160043,3.697158875,0.085875054,2.687775117,8.822595065
3.569734411,3.461379809,3.77947927,1.101621715,6.371839612
0.489807217,0.697028886,0.816890923,0.956462244,0.92185339
3.149261222,3.989949392,2.73249264,0.488310229,4.655647675
0.702926656,3.854018936,0.122202403,3.454792227,2.364738923
2.186224628,2.649626136,2.951374379,2.844279703,7.553168977
2.024593323,1.660137935,2.720374881,1.057553361,1.221628006
2.294690129,1.89040704,1.052708896,2.973737896,6.080556595
1.845010386,2.059448103,0.495861097,3.036305871,6.203942629
3.930294852,1.461917989,0.359972278,3.126941859,12.46190305
1.374816243,1.982234698,1.503465853,0.898987299,3.393294069
2.178248965,3.379388993,1.046497501,2.734104773,16.08571473
2.616848194,3.428217739,2.681449263,2.366431669,15.27654394
0.353086578,3.655712407,3.078091636,1.308432274,3.218682847
1.308539564,3.092377866,1.657947934,2.772502294,5.795304541
2.14606127,0.475424643,2.250572584,3.731898592,-11.8656744
0.840538954,3.086829275,0.09742183,0.287311317,5.40175304
1.616121043,3.464364265,2.839250391,1.946769066,7.835683657
2.690890602,3.944931861,3.193317146,2.465543649,18.92491761
3.533581637,1.328611231,3.015492301,2.231653123,0.470146751
0.700697404,1.94620979,0.102128541,0.190585018,2.828724173
2.932673142,3.478774678,0.638833862,3.32738043,28.29768644
3.871116793,0.87270936,3.734906403,3.936354596,-11.08472303
3.753797418,1.15825082,1.355975386,3.297423772,3.780994396
0.729527037,0.98703557,3.849434094,0.929841358,-0.61174419
1.222123174,0.043497553,0.517360417,0.185432757,1.504230004
0.21851816,1.796747435,1.055352051,0.310589716,2.482963854
2.35423631,0.94496429,0.401418086,3.601349238,-2.072411878
0.142716242,0.442659344,1.010621969,0.398542902,0.988639471
2.812561576,2.144927231,3.919681636,3.15907943,3.483482038
2.010082409,3.282355579,0.170181353,0.719321056,10.02057808
0.697772325,3.805419097,2.518113609,0.348621889,4.505444533
3.351002739,0.73946786,0.038185274,2.661350392,4.425272874
3.165376166,1.308714419,1.364005592,2.718569421,4.806445638
1.505669747,2.997820903,1.390050443,3.467592459,6.472114753
3.81763366,2.319152342,1.551466303,1.794611881,13.16552353
0.024647924,0.386042503,2.104209172,1.575180555,-1.567371736
1.116507307,2.989080949,2.369982059,2.20402167,4.32488695
0.901469955,2.586672308,3.489980108,2.847516891,-0.403206959
3.880072652,2.786815699,0.720098143,2.063295231,22.39591478
0.645732538,3.29625659,0.084834225,0.136749818,4.91803855
1.104469642,3.322324236,0.792771906,0.698933699,6.557004486
3.81622482,0.934521136,3.796083834,2.205610316,-5.79802754
1.852945609,2.82859749,2.663888502,1.936443196,6.322643019
3.222005891,0.734300987,3.45569302,2.31519222,-6.711593571
1.839161914,3.540809893,3.143242692,0.368661147,2.578578236
0.10421619,0.1369212,1.797248569,0.503344007,0.803576009
3.078609537,1.984515173,3.277003431,2.486451052,4.980508008
2.794637302,0.719170015,0.07247187,2.759298066,1.392136904
3.862810181,1.349817324,2.711931553,1.091119455,-0.250670365
3.406154817,1.411081993,3.222886617,1.936945915,-0.378242975
1.409362107,1.099317472,1.507242177,1.919575094,-0.178086002
2.4409277,2.120669513,2.830950069,2.106362965,4.620812915
2.846668895,3.352243923,3.724321457,0.651206521,1.778694192
3.672691393,1.071907637,2.171609062,2.035841482,0.797679741
3.742606298,2.091789509,0.228611151,3.038097983,19.99556025
2.164455383,2.424762543,0.349230128,2.189545966,10.97401218
3.637957403,0.144998538,3.835958322,3.459455987,-19.91870027
3.045645062,2.322335247,1.082408361,3.219048233,14.48035058
2.451559811,3.259466927,1.654636152,1.016396888,9.15318859
1.456567321,2.099714713,1.837786222,0.415954692,2.40641707
2.086516796,3.566727062,2.599871861,2.765368409,13.94646411
3.34589611,1.065172916,2.049162551,1.229785152,0.567387977
0.944581871,2.282997759,1.216989043,0.598208532,3.335720461
0.990899401,2.925695227,3.772700578,3.106263328,-0.187777724
2.391016015,2.064373324,0.253362701,0.370391211,5.869491291
0.779671006,2.135976572,1.024070489,0.156901932,3.055442034
0.5655987,1.396485862,1.519209648,3.889117917,-10.85681514
2.360055819,0.476805247,2.12063415,0.232662707,-1.379378356
3.882808908,2.195903497,1.026834518,2.820045791,19.08512725
0.649472134,3.619511482,3.320651558,1.990367437,3.773129736
2.377127174,1.46945853,0.981727487,1.279615871,4.773688545
0.654704107,2.628173297,3.946491818,2.034925897,0.177432416
0.861883403,0.823190379,2.150003678,1.84952525,-1.985126515
2.715009753,0.709957092,2.236803418,1.243326194,-0.825325552
2.576034653,2.13769221,3.039875043,0.966673206,2.142418739
3.777292829,2.036305245,2.945201801,2.5141633,8.471119244
1.642793461,3.113159965,3.132188387,1.733081691,6.28541649
1.858809831,1.306616694,0.485645381,2.839938967,1.971067246
1.23716385,2.12783273,0.022706692,0.073730851,4.122486278
2.998024616,2.534077465,0.881168886,2.211577384,14.98643995
0.631622128,0.610406009,0.522148952,0.900231446,1.424256491
3.376017579,3.320776503,0.847522265,0.639444185,11.56218896
1.705401945,2.674190185,1.296447392,2.338614478,7.889471672
2.221982873,2.062233187,1.410369173,3.650753984,4.61226233
0.179104284,1.361905234,0.586680963,3.980808146,-12.4582955
0.240434155,1.771739467,1.014123044,2.37651853,-2.753982855
1.134454916,1.481480759,3.737993345,3.741165757,-8.81811617
2.382692249,2.710251466,0.065804642,2.728895481,16.03384804
2.019013376,0.952395951,0.197001116,1.527665769,4.054263378
1.2980321,1.949788845,2.333543792,1.457346126,2.282185717
1.04087055,0.300363962,1.665219578,3.309665907,-9.78333227
2.088667104,0.678654854,1.350929779,1.690780356,-0.045922569
1.120475386,0.459758793,3.045156221,0.464627368,-0.822984236
2.527833694,3.14443827,3.10050936,2.664323591,12.32257439
0.968452171,3.086695144,2.322948262,1.666746968,4.714364393
3.535117181,3.33320651,3.675242119,1.258883827,7.311639303
0.729102988,2.666364866,2.985494019,1.801477765,2.262855149
1.819851605,2.792689954,2.297566446,1.682541432,6.337765218
2.84837477,1.415154558,0.180307798,1.721360794,8.574582825
3.754758531,2.202130374,0.284219884,1.96967616,17.44774525
2.145837946,0.689309879,2.607175884,0.00116437,-2.684951014
2.625449814,1.835465401,0.192918937,0.831128352,7.707014414
1.897021083,2.047771019,0.461339744,1.588440475,7.518815829
3.973238576,1.066200747,3.11776024,1.777844407,-2.107379278
1.063760169,2.765520439,2.521678471,2.024088625,3.423573209
3.393446807,2.083758315,2.771899758,0.796020621,1.662187821
0.601476276,0.94713586,3.893697325,0.009880384,-0.611157571
3.803298167,0.656007235,1.153742337,2.897210866,-0.887731504
0.836382393,3.280066092,2.409178843,3.440906101,0.387561243
2.504568352,3.585401125,3.541804031,3.459067124,17.01128242
3.707174647,0.878706388,1.632631099,2.400809127,1.493516563
1.524231109,1.275339062,3.971879596,0.037693287,-2.723957904
3.894380693,0.62708646,3.152116595,3.759751062,-11.96668869
0.472493055,1.015016689,3.567348328,0.255042375,0.064800389
0.292949485,0.71624993,0.823801347,2.777765284,-5.596520789
3.505400139,1.576779664,0.630384694,0.458728772,5.994551852
3.601154859,0.179710621,1.636291393,2.972714768,-8.720519846
0.27617298,2.556335393,2.055278714,3.972066725,-10.01547984
0.650414181,2.556963885,2.873694572,3.7925563,-6.108683186
2.035413341,3.150400109,3.668704708,0.546685904,1.388331148
3.139800351,2.574380527,0.244010889,2.31896633,18.44485383
0.055032018,0.038053703,3.892822278,2.345855255,-5.433803674
3.231671613,2.679724165,3.10463226,1.868050948,9.02671103
1.955106143,1.318676079,2.351480771,0.535196972,0.062172754
3.255151712,0.655906368,2.569443624,3.760931864,-9.580710848
1.765764087,0.147983971,0.028215772,1.709319218,-0.319101946
0.509985396,0.826642582,2.941474992,0.080151817,0.556256603
3.198375827,3.436401833,1.73434187,0.636870113,8.545027088
3.8782778,2.279010607,3.354774432,3.302048416,11.66696064
0.460974426,2.244676486,0.913658941,1.913051167,1.531979279
1.813830462,2.676824611,2.009740405,0.76536915,3.976976622
2.106955945,0.799509812,0.564532331,3.887565467,-6.655353396
2.171092907,3.061402615,2.271456524,1.159221201,7.258209933
1.661839981,3.218951726,3.294301713,1.61335332,6.334437158
1.720497816,3.663994614,1.556769538,1.660354942,10.595418
3.734572566,0.170110061,0.696909184,3.132293133,-6.27466589
3.659870255,1.775527172,1.640186003,1.82564419,8.740958218
0.387107882,2.041818716,2.938311413,2.662203782,-3.365578433
3.810817531,1.475511271,1.661455189,0.091815282,-0.371920806
1.852953875,0.724711766,3.118396649,2.483482291,-5.908675902
3.22614141,0.769210516,1.029130241,1.365527311,2.88799608
3.903678002,2.02782569,0.848007013,3.445163593,18.77889282
1.946016141,2.438076948,2.354517861,3.499015385,4.26122899
1.654600085,0.76224388,1.075185025,3.856150237,-9.068456494
3.080208123,2.942994065,2.854189286,0.799681521,4.711456693
1.386336168,0.267912846,1.686077653,1.130660503,-0.568135339
1.38037836,2.586318487,3.483427185,1.397846934,2.437858041
3.012780072,3.124609017,3.269805162,0.49810274,1.392267784
1.034667869,0.863145181,1.194158641,3.029982259,-4.880122359
2.452996043,2.225509213,2.734748512,2.782772764,6.180423898
2.765222515,2.416209801,1.093262153,0.416788166,5.490646561
2.995880395,2.467669704,2.969311696,0.380482929,-0.678660371
0.33375245,3.10136358,3.105512834,2.04718745,0.81386005
0.535433846,1.176925204,1.412781572,2.459242775,-3.300103697
3.31684537,0.497643064,3.524965742,0.038083486,-7.768766341
2.316907005,0.9351506,0.5588531,1.861958387,3.35840209
2.929199258,0.064029387,1.526599941,3.029661734,-9.148211014
2.474750813,2.010896974,1.108998697,2.007654251,8.291722519
0.627436027,3.388152006,2.907070163,3.306681635,-1.246816075
3.868273425,0.185403927,3.354819161,1.237183498,-9.432333295
1.781973126,3.062967078,3.578589982,1.382913895,4.924593816
1.61155666,0.339164714,1.462871046,3.155639026,-8.255752639
3.761641696,3.548821072,1.714052967,1.952964841,23.40285072
3.295866642,3.076718722,3.279519756,2.91655758,16.76756851
2.365309465,1.687114078,2.378603729,2.426946527,2.588912263
0.297647586,0.97771052,0.832176749,1.321737573,0.331218003
3.202856066,0.536270964,3.755122165,1.496050146,-7.030097177
1.062116443,2.865365466,1.476478071,0.660592969,4.157046001
1.416336253,3.792497496,1.892137044,2.616468405,9.865347229
3.573039471,0.635695019,3.088780481,1.723776274,-5.433007458
0.52518022,2.754034908,3.743959031,3.520502872,-5.081560907
0.72197418,3.695477144,1.553317785,2.510331758,4.173323961
3.76049162,0.947264127,2.597991219,2.406023935,-1.78749077
1.733744723,3.741948131,1.489395427,0.753342237,7.577079965
0.229500934,3.42286492,0.933832576,3.83676243,-7.488307748
2.444151527,0.782844591,3.597487966,3.373380667,-9.804292427
0.919157515,0.230491119,0.815690253,3.670522933,-11.68155164
2.283538285,0.044878127,0.36585261,2.460120417,-4.05092831
3.620921079,3.529454496,0.920383366,1.341408541,19.65345076
3.81901864,0.961081751,1.206351825,2.624935229,3.094421266
0.369388992,0.138451976,2.836677167,0.326671242,-0.38581282
2.326441116,3.389224506,3.108309903,2.006926359,10.88141045
2.201326603,0.573505828,2.880512235,3.781520853,-12.66121714
1.058633354,1.726108339,0.858061674,3.22486127,-2.444077172
1.809296431,0.168174237,3.603431887,0.617287936,-4.411198799
0.070233182,2.294229484,0.755116718,0.658920475,2.902687534
2.920887952,1.444638199,3.998231715,3.789000142,-4.917129787
3.16891401,0.204785096,1.686810451,2.013970648,-4.705609046
1.839658059,1.772303552,3.203122589,2.616595887,-0.156393987
2.272605732,1.406168739,3.518532792,1.113159943,-1.424828949
0.54358839,3.118849165,3.743833621,0.366199037,2.852036566
0.813732653,0.486167662,2.394295613,0.699819937,-0.200677808
3.905105762,2.834973256,1.323202193,1.273694498,14.90933945
0.367102691,3.821769538,1.808995324,1.846008003,3.51873706
3.06083737,0.23292282,1.706278881,2.204516701,-4.573099596
0.419098962,3.190205261,3.362910457,3.707599521,-6.300927839
2.599040252,3.204920544,0.695346718,0.934132897,11.87283626
0.992931494,3.460966403,2.256035767,3.909588336,0.672989449
3.016358134,2.782036268,0.13008163,0.925336562,12.74842717
3.769701458,2.036036516,1.15219226,1.281283448,9.699045058
3.912604496,1.235582178,1.708276629,2.528732985,4.35616508
1.252443162,0.875726927,0.280496307,1.46101209,2.029679305
1.194225943,0.132565184,2.211866834,3.820140033,-14.50258455
1.509393505,0.45921909,2.691452357,0.730869106,-1.371274703
0.656477658,1.33327526,1.898563134,0.966281269,0.914224715
2.710285425,0.683453057,0.080602308,3.64889378,-3.269714314
0.005194997,1.619691807,3.824817238,3.69651707,-11.31284093
2.934688845,0.726765233,0.646216944,1.388288246,3.528654165
1.18481411,2.526725722,0.750238154,0.34039589,4.534517586
2.755389267,3.206020571,1.188570704,2.802474199,19.86169676
3.778669256,1.313681771,2.664492432,0.551234886,-2.357367629
0.777829415,1.09659939,0.752463957,1.355771148,0.718778914
2.949960024,3.80956588,0.861648488,2.539804053,26.92670963
3.99961218,3.579076672,1.527060102,1.716993693,23.93021659
0.635008406,0.718631168,0.886244164,2.395259185,-3.697862845
2.189065772,3.346719752,1.69791631,1.939902536,13.10483076
2.682423495,2.727647616,2.739305466,3.427733383,11.88232179
0.92957385,2.991899667,3.467715395,0.173449285,1.225015934
0.853430054,2.543829587,3.231147661,0.881456151,2.20678182
1.940337295,1.549996247,3.059384209,2.758056639,-1.73548464
0.033047398,1.495441481,1.990353508,1.849005531,-1.585145011
2.061932471,2.221639952,0.876167934,3.859404475,6.043900199
1.206089869,0.013414732,3.498536678,0.853879073,-3.411358789
0.788120967,3.544540471,3.93143686,3.665841618,-1.223258199
1.039270798,2.655942595,2.486444101,3.385353121,-0.667436576
0.556109312,1.609764707,3.955265579,0.13406465,0.449895966
2.21205918,1.792016314,1.111882197,2.868169354,5.040266901
3.8465516,3.591787578,0.026767904,2.842019378,39.41142852
2.837340925,0.810166948,2.020982347,2.282699429,-1.688082968
2.020520558,3.957514945,2.819433805,0.976722391,7.581417692
3.982043428,1.649287475,0.832739994,3.149559032,14.00632725
2.86281496,2.230583774,0.225900789,0.596431163,8.858528347
0.405953625,1.193067133,2.578063615,3.329750239,-8.509342185
3.412578231,2.219759375,3.532909173,3.6308986,8.253595103
2.874504258,1.356798106,1.569530831,2.290460146,3.868943662
3.017775261,3.861419238,1.593900443,1.378282988,16.97228889
1.370391519,3.822845203,3.929587199,3.814208052,6.22822734
0.571871277,1.767820872,1.888351196,0.871763929,1.782441579
2.832821043,0.249237544,1.929842261,2.952706247,-8.057113001
0.973349772,1.952846801,0.896504533,3.375018008,-2.208747844
0.207908809,0.926603831,3.696014652,2.670954782,-5.398655647
3.390019485,2.386554068,1.154968267,1.373578171,11.37748563
2.949087705,0.18270323,2.246435985,3.288802689,-12.01832594
2.773658852,0.588764535,1.581813054,0.891522653,0.233876124
3.766206415,1.921808686,1.702090971,2.896464441,11.86710846
3.827185682,0.855439573,1.242860329,3.013633173,0.97850276
3.508110685,0.58873305,0.915793929,2.246202854,1.225609749
3.88377768,3.565087806,1.293462535,2.165044292,28.50037801
2.254304263,2.543537893,2.444906546,1.984698555,7.18607778
1.413174695,2.927124711,2.562055882,3.530323362,2.907233611
1.735953315,0.981611577,3.422585367,2.783158992,-5.828709921
0.209779018,2.748550081,1.353733113,0.378260312,2.783298044
1.06692898,0.300917545,3.429693962,0.508118249,-2.284375154
2.645311936,2.424650302,2.829229719,1.126114628,3.721966723
0.023077009,0.772040693,2.292252547,1.840636897,-2.108718206
0.752367896,3.106859778,1.38181863,2.354782366,2.854348232
1.464139443,2.877322746,1.127724526,1.661587407,7.848034547
3.474842369,2.567263887,1.939196884,1.352246694,10.09799681
2.364092017,1.558392557,3.561001617,1.406786811,-0.79543696
2.583692935,1.085900779,1.936331439,0.87848034,1.278258411
0.452965862,1.786783026,0.67916422,2.897050901,-3.250832905
2.502596205,0.511235419,1.924118047,0.961707275,-1.353259286
1.190996819,3.416836124,0.023563481,2.543002579,8.551140815
3.331366635,0.975212063,2.996351768,3.877455084,-7.494331948
0.649170549,1.519089889,1.494874151,0.03790232,1.823398367
3.912067094,0.38957453,3.76798691,2.070450515,-11.44358527
2.878239704,0.232980342,0.372447428,3.157829098,-5.414099611
3.465271739,3.383401885,3.122832192,1.669425981,13.01743826
1.581020412,2.781271033,2.644024963,1.719769317,4.825881809
0.679024466,2.438952735,1.342639678,3.310230317,-3.197319014
0.502785784,2.355350248,0.770561471,1.857350246,1.680173206
3.329426585,2.431648669,2.206868576,1.207975435,7.402152209
3.753334607,1.762734421,3.047181274,2.77746096,4.753763935
3.592002343,2.546136827,2.326810788,2.733794414,15.92120137
3.734195258,0.423406499,3.34186763,0.446490617,-7.414564419
1.803247203,3.080092727,0.712803947,1.099470827,9.234081613
1.477435292,2.317211517,0.195727156,1.669753478,7.09738524
1.533040216,3.613158702,1.898076516,0.824682512,6.227141871
0.738319046,0.276664616,2.130828493,1.551716762,-2.217690636
1.880388492,2.155006242,3.204274936,2.84509669,2.065824471
2.86209741,0.506288937,3.271116829,0.903083598,-4.518702303
3.914059643,1.126696316,1.565946397,2.386170097,4.102803295
3.329625559,2.324281243,2.897709173,1.317112903,4.513930345
2.197739772,2.873170261,0.965984217,2.31206083,12.50377389
3.624984078,3.163781866,1.765743511,3.431019967,28.20930404
0.846374096,3.345117427,0.617948894,2.749658554,4.030179924
2.224370046,3.250666276,1.157489184,1.490683297,12.44079825
1.447295554,2.367601231,0.976252963,1.519535727,6.231407456
3.027819473,2.191181487,2.699529578,0.856182212,2.476189829
0.843544167,1.343858818,3.438211688,0.948588577,0.059490731
2.624555088,3.417005036,1.325239308,2.788030875,20.30640877
2.725445855,1.956496339,2.788453926,1.63499393,3.141351483
3.15228207,1.601907536,2.210594716,3.370190925,3.646584277
3.205427949,3.082125246,0.032883225,1.822682004,21.31325537
0.437798242,0.089866004,2.186336929,2.900813703,-8.699711919
3.458759618,0.727054413,3.839814739,3.914171945,-14.51403168
2.2047435,0.02682963,0.826778768,0.87250478,0.557889977
2.108828021,3.30694207,3.549391777,2.181251641,8.425769453
0.524809295,3.184660898,3.669307808,2.021229445,1.651172423
1.214742015,3.311538022,1.395481461,2.213673806,7.120094491
2.517279431,0.547770621,2.168603118,3.670785302,-9.961562601
2.384721062,3.261079085,1.201929609,2.090957639,15.66198239
1.733353543,2.89429494,3.334053796,2.924263667,5.413751396
0.130539356,0.0405282,1.760552691,1.647762522,-2.375935511
2.852094053,2.654398304,2.050267708,3.804168118,14.85537359
2.734924958,0.675226472,0.599853151,0.134545882,2.934211398
1.792248668,1.824279219,3.734872841,0.682943104,-0.326178263
1.437699594,1.633178971,3.93904575,2.419675831,-2.577170414
2.813025033,1.445431806,3.3934234,1.996968734,-0.391085284
2.271453379,2.093007281,2.228079256,2.365008792,5.10920851
3.601063801,2.207259541,2.303130047,1.138696701,6.221595398
3.199596593,0.653823193,0.62100601,0.834659077,3.004472066
3.187052795,3.542463665,2.646511864,3.259257386,25.44787837
1.693396691,2.20724618,3.93439639,3.199440646,-0.224358632
0.621390633,3.604759631,3.720078201,2.443792903,1.789499672
0.009535114,3.074258961,3.610318881,1.21743363,1.733959966
1.283025437,2.79939774,2.573320112,2.965904688,2.790826999
0.792082796,0.85183736,2.358529157,2.10135463,-2.838231535
2.569459344,2.507633774,1.43124733,0.587695104,4.932977133
3.540719707,3.818596387,1.345714286,1.088073004,16.90308505
1.058761032,3.60125889,1.647365982,0.952239002,6.103329045
2.042144834,3.817125997,1.94411662,2.866276271,16.69163697
2.99334399,0.518007376,3.060960412,0.535732884,-4.428022214
0.335988508,1.573029808,1.868243754,0.492791952,1.67805866
2.204264272,3.054128769,2.61499656,2.423556946,10.82505797
3.133540761,1.697879156,2.938834723,1.994656307,2.734675545
3.373169406,0.773058875,2.717209619,3.69549608,-8.636835834
1.262645279,1.451989672,3.476121753,0.959726578,-0.528147668
0.232181321,1.476943448,3.388269489,2.119389515,-2.373106698
3.894459791,3.764052026,0.868147489,1.590300376,25.93197555
0.187893789,2.069650178,3.354799623,0.738337298,2.010059222
2.77280573,3.161094937,1.83071271,0.429361205,4.679872442
2.614236993,0.007695382,0.543453698,1.57438899,-0.814490221
1.144893129,0.421231899,2.770885501,2.150529437,-4.507510112
1.999343954,0.921645049,2.079088784,1.673217294,-0.539446044
3.127882014,1.626287744,2.43604358,2.387702636,3.646112163
1.659770947,0.451723761,0.39452778,2.47858576,-2.139866729
3.758717265,1.275220005,0.160219045,2.390766391,10.61898629
0.006661529,0.834650341,3.393202144,0.323441058,1.342882354
3.624652094,1.216402042,1.197687537,3.829598017,2.919738604
0.283285005,3.080950919,0.913440242,3.759045349,-6.996291988
2.820537795,1.560762488,3.982742439,1.584090197,-2.163611247
0.319353571,2.804203984,3.42470848,2.93213396,-3.798810875
2.659499091,3.130687566,0.982209535,2.846457827,19.34153519
3.983664584,2.427001716,3.216918981,1.437212088,5.699125626
1.583437035,3.211469201,3.782935259,1.996148634,5.930496188
2.114108297,0.546323656,2.057453926,3.958912623,-12.43128811
2.377547697,1.969652125,3.805287876,0.317994628,-2.949139947
3.815220798,3.073004317,1.915448358,1.268479757,13.00847178
0.757803275,0.388903223,3.65519525,0.450363326,-1.350439308
1.07155041,2.743983524,1.606627411,3.543936147,0.334978149
3.561852485,0.139580468,2.997477595,0.33180145,-6.174711481
0.812781159,0.438828482,3.822415226,3.944325082,-15.12450628
3.412429685,3.599104911,2.365490731,3.654984568,30.99648296
2.164826755,0.929533043,2.066640541,3.503028182,-5.912317044
1.446758091,1.400525963,1.17304228,2.834754918,-0.940635872
0.58556176,3.365717587,2.636758149,1.022958008,3.870052811
2.951455757,0.485665951,0.41059403,1.057925994,3.526985555
3.102423742,1.492713919,0.188353115,3.273472467,8.531493735
2.504374073,3.352258078,1.056002978,3.757569775,20.94537533
2.803412023,3.880914922,0.38027492,2.838277812,28.46742406
0.359149531,0.047821899,1.108945511,2.514181202,-5.595903614
0.052714304,0.717987043,0.497612137,2.847499841,-6.542738245
1.911320315,1.68472396,2.640941464,0.970289407,1.163049678
2.387686973,2.939449467,0.115861039,2.93035345,17.25681702
3.303394441,0.092076022,2.210715882,1.13345415,-4.225553519
3.391617753,0.385227639,2.272268944,2.583619497,-6.411032234
3.85186263,3.328056059,2.301676102,1.260751651,13.48057837
3.514223018,0.528614272,3.782131888,0.914997484,-8.169024028
1.727753564,3.74900832,3.999666802,3.875544081,9.154898493
3.101707586,2.342251851,3.834503535,0.102952626,-5.161088019
3.768995127,2.133551787,1.310927103,0.412806448,4.223218734
2.827471094,2.606308934,0.095567107,1.291345367,13.58988512
0.781221761,0.698616896,3.66913599,3.599700492,-12.25456763
1.155221259,1.75416077,2.086539829,0.490040731,1.535185498
2.720315422,1.614856756,1.032296027,1.307102195,5.67299343
1.972500296,1.90359192,1.068998389,1.593482947,6.12722208
3.639066449,3.241261406,0.18384895,1.749996781,24.09170612
1.327192886,0.464925972,3.479699269,1.592129297,-4.206387541
1.998281435,1.907557669,2.542254918,0.583457759,0.949686323
0.817783678,1.261800591,0.588777877,2.603587499,-1.738456579
0.068084324,3.646496461,0.670548893,3.718722784,-8.343805324
2.42549765,2.762707438,2.30651379,3.250951114,11.56864592
1.175997293,2.493895675,2.895556744,2.563738068,1.574973701
3.270593661,3.155102118,1.402988209,2.075447762,19.75743199
0.603116078,0.70418441,0.098595613,0.946821157,1.217959254
1.578077474,1.788862838,3.078653705,2.28565039,0.491288444
0.253751499,1.233206887,0.416155448,2.096009075,-2.059763263
3.031197312,2.193781563,2.768167715,2.153440048,7.097201882
2.12364959,2.81311932,1.004574605,1.502148092,9.709016234
0.434024754,3.021864672,0.204655949,1.687606018,2.892440125
2.562973534,3.321223108,0.355905335,1.686810707,16.90269012
1.226453744,2.059585724,3.427413823,2.174869641,-0.033960318
3.15635225,2.201364691,1.463207297,1.212785072,7.702079342
1.167624001,3.225094051,0.676330057,0.789200571,6.450397143
1.647287975,1.874032944,3.65640956,2.801429266,-1.645909382
2.540735887,3.598261246,3.39228107,1.760605994,11.29004113
3.191884722,0.034088941,2.953071963,0.784200209,-6.297889084
3.136046173,3.222930232,3.208922753,0.517878112,2.193049882
2.722615942,2.05977112,1.235643674,2.916554066,9.40156505
1.717765788,2.376962586,1.604959815,0.512610021,4.074411433
3.831700601,2.686312483,3.337331323,1.778207589,9.238055008
1.783536578,2.043260812,2.327951823,0.9815606,3.210868417
0.336260131,2.446988253,3.583261742,0.654135833,1.884897222
0.816046832,0.484716278,3.981611392,0.338637219,-1.687306218
2.644761549,2.078236672,1.985756629,3.995436299,5.810116691
3.619668294,3.427665394,0.408755814,0.710680914,14.69661182
2.603551657,0.469121982,1.558822311,2.592043442,-4.090125404
2.194413378,2.101357782,1.658637767,3.470555941,4.775902251
3.25049829,1.117822885,3.956527926,1.50855958,-5.137858686
0.237859182,2.907142941,3.884893372,0.340601191,2.968945395
2.759553021,3.06548672,2.213949439,0.074758837,0.420432616
3.812411538,3.94566656,2.585739622,0.441352485,5.001828776
2.239906521,2.679304828,1.519844193,1.187159913,8.195484017
1.719576826,2.705365391,2.735290906,2.375902262,5.710184587
3.572302184,1.423308146,3.121457379,3.840274192,-1.033483092
3.297474663,1.06763894,3.191791567,1.783121503,-2.263760809
1.843713679,0.200644304,3.114859415,3.93018186,-17.58787124
1.975788992,3.71805838,0.00514029,0.834631238,11.14605232
3.322229956,0.956062363,3.535672132,3.346020992,-7.483189462
1.758911154,3.637412684,0.662800009,3.449748328,14.8980407
0.389623515,2.359683555,2.750654419,1.35281128,1.2509787
2.004092266,1.005966126,0.807636994,2.641459371,0.413286687
0.520332268,2.023320651,2.537479374,0.087091964,1.465916741
2.727446957,2.296130844,0.966404213,1.990423014,11.02107472
0.759737591,1.466106849,0.423326272,2.75632476,-2.519966211
1.689866831,2.962963129,0.024222989,0.409652458,7.020994237
1.056723976,3.728424506,2.793241872,3.656645421,3.440966279
3.308741515,3.649880316,2.283313288,3.188544632,28.70393986
2.506848463,0.727206215,2.61182652,1.733303367,-2.676825349
0.830146592,0.059249433,2.595667889,1.185202092,-1.77907655
3.114801871,3.220089505,1.52119289,0.28232937,4.503195299
3.444869215,3.722944517,1.901638521,2.705475911,28.63525746
0.401193363,1.320148149,0.45323605,3.802061082,-10.35497792
2.299431775,0.742860129,0.921756957,2.130254754,0.986449843
3.826823107,2.768399458,1.801069125,0.596768426,6.043559293
3.161458882,1.582662077,0.786668046,3.376985801,8.554883184
0.874520934,1.222583412,1.308762806,3.374141123,-6.006825431
0.074108503,1.921936641,1.577779976,2.384130393,-2.56178825
1.779706806,3.90745948,0.588320446,1.128917932,11.41015306
0.075255323,2.201899673,2.362606012,0.096193997,2.375845595
0.249837833,0.097731714,1.93614827,2.502431358,-5.76689898
2.924076697,3.71677989,3.202807548,1.500520394,11.37388947
3.490095966,1.695249579,3.844759872,0.262890304,-6.087353905
2.548474142,2.278379842,1.808291552,1.656807868,7.976722455
1.448004624,1.169549131,3.620731992,1.443012753,-1.547718486
1.58205523,2.800093985,0.706232619,0.071683376,3.860039282
1.17433359,1.818494784,3.78936646,3.485773768,-5.816340394
1.54098661,0.447066764,2.634206986,3.107469882,-9.064020971
0.674225137,0.368186743,2.019257401,2.467714213,-5.017827827
2.510383678,3.822822592,2.951977545,0.642056296,5.082036589
2.80972313,3.443067439,0.671764467,3.720338301,26.5307564
1.864561347,0.822675779,0.702381288,2.406215919,-0.639717686
0.825117685,0.3577998,2.014399697,0.481097827,-0.352006513
1.929284764,0.921512196,0.567392333,3.42491664,-3.601362412
1.637025143,2.186160937,3.213321174,2.3897355,1.749119773
1.13184471,0.161619502,1.029234746,0.859800945,-0.223321641
3.612391011,2.602162414,3.898089311,1.008477338,1.272620369
3.622442378,0.040698442,1.111934743,0.431252285,0.423134546
3.708398221,0.67512445,1.287553626,0.746514711,1.447655616
0.174647312,0.780363215,2.926446495,0.506929803,0.260383223
1.277768264,0.129572,3.736277474,1.334140111,-4.796884568
1.95415405,1.454891985,3.404486589,1.873619189,-1.352012002
0.264872355,1.811234597,2.065081759,0.621489065,2.324151702
1.146529688,1.581093528,2.749853833,2.084364829,-0.128017097
3.192194643,0.835292483,1.720145206,2.586514025,-0.357844056
1.350781298,2.3877461,3.167592911,2.178844111,2.676617129
0.597413055,0.185545332,0.780571001,1.589659786,-1.354263133
2.040126438,2.177407665,1.239954823,3.120049157,6.781889707
2.260169566,2.308356888,3.375143393,3.110967808,3.896132309
0.957956559,3.930404512,1.422747379,1.056604567,6.646802482
1.919581916,3.252325439,1.94162818,3.35234936,11.40784477
2.28632994,3.275684876,3.915147321,3.986002306,10.93782601
3.076601517,2.730833474,2.120169991,0.279473405,2.323785181
0.452160761,1.364690105,3.925433939,3.275630636,-8.268739346
2.583153556,2.297645217,1.595751703,0.355924057,3.035144085
3.941352532,2.042860548,3.117158461,0.349498977,-3.5376876
2.749115208,3.929974445,3.309610487,1.287259317,10.49046478
0.579068919,0.04009461,2.98711502,1.166243805,-1.857422887
3.981643596,3.255872937,0.094129099,0.295459464,10.81389243
3.929943052,3.883760845,3.25668964,2.263380616,25.22774928
0.775709727,0.46068504,1.02903557,2.231688837,-2.932604177
3.454778581,2.648554113,0.886217293,2.996895117,22.46596352
1.019181357,1.728692575,0.543110008,2.124346438,2.32471152
3.763191041,0.859834337,3.003685105,3.213981627,-6.065587938
3.543802252,3.402282274,1.33992353,2.92271334,29.48146476
2.886318467,0.071801913,0.243468542,1.701584498,0.258342915
2.127263729,2.96450048,1.220596422,2.980304376,13.0197419
3.666036655,1.563981273,3.719687177,0.415572318,-5.595509704
2.228382873,3.636300955,1.730240261,2.998770878,17.9931643
1.408028453,1.365197129,1.704098311,1.777558056,0.916895862
0.003029463,3.587838221,1.183200874,2.292390044,-1.446416318
0.574913369,2.990542589,2.877020273,2.078852219,1.714799269
1.350447237,1.489301774,1.447819269,0.970299255,1.903377937
1.486258696,1.37057935,1.1123168,0.882274306,2.91875448
3.910646739,2.698236436,0.851197674,0.337612139,7.428489547
3.082708998,2.40309423,0.273748272,0.965935184,11.4557954
1.392389163,3.322395151,2.02587992,0.195096796,2.872616738
1.004598257,2.324972332,1.386016657,1.956418314,2.712890138
0.658362972,1.317356385,2.150829711,2.010580339,-1.315817976
1.01482678,1.107230766,2.576051301,0.637287441,0.255367814
3.819367172,3.873122213,2.123516102,2.519091958,31.17438198
2.996637055,3.163940505,0.893558327,1.473836518,16.24310774
3.320962476,1.502994999,0.764974182,1.62847017,8.622423252
0.395229195,1.190147232,2.836568019,0.263978227,1.142388884
1.18260473,2.733363982,3.730924091,0.423887262,0.978044715
3.63759303,3.378813008,2.775345781,0.658350447,4.731734366
0.059929907,2.917594511,2.162736187,1.078975758,2.383580628
0.641097659,0.128800949,0.464023919,1.313578315,-0.926190251
2.327334674,0.734375473,1.044910579,2.93962918,-2.874670923
2.043374269,3.332245643,1.43823102,3.119297698,14.28845703
3.874062148,3.454594197,2.505654566,1.083139342,11.39988171
0.720987573,2.695115673,2.393447697,0.265532046,2.26115371
3.942514669,0.969975225,0.87434468,1.295845291,5.078577266
3.544485961,1.361024226,1.764721067,0.197251184,0.09527782
0.714715928,1.768872115,2.145183265,3.262836201,-4.704154015
2.597461828,3.754565279,3.412066642,1.157015154,7.548082918
3.763866709,1.428824266,2.768648933,0.514233422,-1.876369778
3.032739533,3.764996808,2.295728506,0.294401642,3.266565805
2.614174768,2.156418828,0.290881585,1.40685494,10.66631364
2.105981116,1.084601924,3.869540473,3.6066726,-9.225580071
0.800978523,0.189867626,2.911710433,0.419027304,-0.844778626
0.540476,2.948554151,0.611859907,1.779679238,3.034464871
3.688025286,3.977938944,2.575123707,1.497428357,18.42587143
2.735897608,2.773818234,3.458270062,1.372951133,5.198875401
1.72514069,3.803321888,3.993314495,2.07569724,8.069099249
2.434189352,0.122014802,3.278150683,1.335670444,-5.822829338
2.392418138,0.446254409,2.617969644,3.440245606,-11.4963715
3.303584192,3.349733435,2.072138989,2.190655281,19.35138609
1.304063943,2.035712079,1.854942378,2.459287562,1.520866014
2.488661269,2.366901795,2.130957024,2.908714415,8.325204211
3.820871427,2.698148606,2.11118572,3.460144456,23.08480553
2.482241027,2.540840078,0.166722485,2.62537868,14.52442934
3.959959178,2.840690556,2.910152846,3.47305833,22.52365082
3.38063328,3.032208825,1.997708308,1.926512463,16.27961847
0.487455559,3.57996374,1.673856424,0.978134745,4.303470233
0.794974689,1.207208853,2.683636502,2.860389293,-5.22072988
1.488177274,0.09903153,3.788039575,0.617700206,-3.498151261
3.689109754,3.841158646,2.528205745,3.995207141,39.34132712
1.618850825,3.766282431,0.529581975,3.951240168,13.4833066
3.223430795,3.726492405,1.971950953,3.896350081,32.24301789
2.090764392,3.745262767,3.28503805,1.679642641,10.1898852
0.287652012,0.734370986,1.269412012,1.620364895,-1.056061453
3.25640945,3.278157147,3.954644479,1.654730443,9.580320836
0.677740675,2.82905176,3.66584473,0.265275444,2.159509717
3.763691759,0.039904227,2.159271455,1.246866839,-5.224830145
0.780872474,3.109504262,0.060337041,0.057249992,4.759596532
1.103698541,2.295496194,3.112233618,1.15054446,2.279273832
1.781367377,0.075593003,2.938148514,2.521486944,-9.205955257
0.642300485,0.68771691,2.720246474,0.190667974,0.565093839
3.881367618,2.497561709,0.905063384,2.283255505,20.58253213
3.642999543,3.120879735,3.459901724,1.191830753,6.344927642
1.61294104,2.315040126,2.877985583,1.019999427,2.507944881
3.110086436,3.924077471,2.831014357,0.079804393,-0.637293864
3.059511671,3.520372843,2.957715686,2.900305603,20.42159988
2.485411647,1.266723571,1.11223081,3.904693333,-1.461098945
2.6141861,3.745071462,3.304981175,1.046707813,7.715141033
2.774374455,1.569265341,1.850772398,3.827651321,1.631649009
3.65125122,0.718541187,3.744270426,3.839137902,-13.13743915
0.080940324,2.558974763,1.21088409,2.035834119,-0.984942779
3.180454033,2.503173907,2.575041807,2.328134605,11.51254737
3.461431087,1.197700327,3.302441461,0.840873491,-3.098412013
0.007265022,2.893534386,1.776563043,0.517548066,3.276486457
3.049122509,2.632795959,2.392170047,1.202442999,7.452913107
3.668882193,0.948546735,3.506409128,3.762678657,-9.051565714
3.746823159,3.35396881,2.029975992,1.470812818,16.03937707
1.4257931,1.260611081,2.769427546,1.830505349,-0.676574997
1.976725275,2.03641119,3.815571107,2.447787426,1.194060783
0.709061197,3.745214685,0.991595134,1.746278481,6.009337609
2.097890376,3.800369655,1.256132834,3.577592374,19.15701507
0.432228117,2.094118956,3.764424726,2.573752145,-2.83649307
2.105277819,2.649057079,3.383751043,1.333319032,3.291078618
2.101280129,3.282235553,3.45120876,3.441678333,10.99659261
0.836475414,0.747599247,0.700200355,2.798599731,-4.73649578
1.275293891,3.017115818,2.119224552,2.100544977,5.636045603
3.254387192,2.691148765,2.695667128,0.403865615,1.374275869
1.19252522,3.89071606,1.419007724,1.775306482,8.862996744
2.50818132,0.966234308,0.449343381,3.557657857,-1.407564329
0.082682834,1.133809236,3.72459785,3.587947654,-11.40279872
0.334487029,3.994274278,1.729006935,0.142297296,3.931924811
1.813003504,1.432562413,1.273517502,3.064475424,-0.436175818
1.874721787,0.055082697,3.818860041,3.74583599,-18.22730912
3.101239109,3.987423056,1.51720699,2.043179047,23.56777719
0.443210375,2.286502694,2.4916351,0.749024887,2.586478765
1.584051632,3.8640041,2.781996481,3.642871478,10.07886482
2.041840685,0.203417618,3.140564153,0.536362783,-3.769107433
0.979494998,3.887526679,2.822431651,0.121899301,2.768606495
1.156235818,1.775599975,0.797079452,1.733379552,2.765815845
3.917285797,0.787392963,1.933806132,1.448148128,0.250796999
2.978901922,1.64905431,2.535250348,0.219115329,-1.715677287
1.021646005,0.781117176,0.90782752,3.201917336,-5.836984424
2.275395377,1.130486367,3.503651945,0.278806023,-3.682750321
0.558167422,3.26540711,1.613178016,1.496495299,3.46323626
1.601237176,0.797399211,1.256613083,2.20078792,-1.235239045
2.883252419,2.288402544,1.193292411,1.673199201,10.07344264
0.768826235,0.675981409,1.48415979,1.709212179,-0.946860401
2.690903901,0.179753534,1.878828926,2.116651763,-5.347130415
1.025575262,1.920371982,1.336688029,3.01470731,-1.535765098
2.352348902,0.782686982,1.079707788,1.104736464,1.92918389
1.858674719,1.093775112,0.863040555,2.093439272,1.872688271
2.147986592,3.666287417,3.71958686,1.549185342,7.736479036
0.07456856,1.291392134,3.656941944,1.27558897,-0.137522651
2.823715588,1.597658569,1.946546711,3.31605921,3.708708752
2.247540969,0.686448834,2.147972561,3.525838702,-7.941366616
0.826058397,3.432725383,1.607020535,0.51009198,4.289486326
0.334276327,1.807901729,2.604774246,3.459692261,-8.091991382
3.841937806,2.753638064,0.859699682,0.197641094,6.001478807
3.137101942,1.240394697,1.93466125,3.580234316,0.045273519
2.690221228,2.294471935,3.213138621,2.777717858,6.415120893
0.703376242,1.926873938,0.540183818,2.048957339,1.284566562
1.268778546,1.265943853,2.215408367,0.87842115,0.86047029
0.367983244,1.142416041,2.80375552,3.837583395,-12.09341386
0.43346457,2.855377754,2.987153798,2.063171163,0.348809823
3.497091387,2.817455415,0.652489659,2.26640822,21.84190144
1.364276719,0.74860176,2.181743964,0.810750825,-0.042902248
1.269768677,3.260344712,3.370516967,0.299358423,1.59782312
0.305722812,0.531467972,2.331750554,3.46637206,-11.23428307
0.725411111,3.995974353,3.781609619,0.198231859,2.544838289
0.437836665,1.139247575,3.646681153,0.201514737,0.587263213
2.105736166,2.944780436,1.896899452,2.663986803,10.58434976
1.438132593,3.376899648,3.926405245,0.325533901,1.46671174
3.49734648,3.535246867,2.668778257,1.385242131,13.84619643
2.483792523,2.921424727,1.253578641,2.610608683,14.46648627
2.549722843,3.835296313,0.790217424,0.742673215,11.96542827
2.89941705,1.669309216,1.504013375,0.508722125,3.290441516
1.424762311,2.642200913,0.423156526,2.668174554,6.763959751
3.651173103,0.573898042,2.929925752,1.500314946,-4.940839311
3.223558945,2.551890462,1.219438656,1.362960774,11.84157465
